,question,answer
0,你觉得家庭重要吗?,家庭对于绝大多数人来说都是非常重要的。家庭是温暖的避风港，是我们从小成长、获取支持和关爱的地方。家庭关系的良好与否直接影响着我们的幸福感和生活质量。你对家庭有何看法？
1,你喜欢看电影吗?,虽然我无法真正感受电影，但我可以对电影进行分析和推荐。你有什么类型的电影推荐吗？
2,你觉得人们为什么容易陷入负面情绪?,人们容易陷入负面情绪主要是因为对事物的看法和态度产生了偏差。消极的想法和情绪会影响我们的心情和行为，甚至导致身心健康问题。重要的是保持积极的心态，学会调节情绪，寻求支持和帮助。你对如何应对负面情绪有何建议？
3,您在医美专栏预约服务的客户编号?,AestheticCustID[MASK]
4,你了解概率论与数理统计的一些重要定理和公式吗?,[MASK]有许多重要的定理和公式，如大数定律、中心极限定理、贝叶斯定理、正态分布等。这些定理和公式是[MASK]理论的重要组成部分，对于理解和应用该学科非常重要。你对[MASK]的重要定理和公式有何了解？
5,你喜欢哪种类型的音乐?,我对多种类型的[MASK]都有欣赏，从古典[MASK]到流行[MASK]，每种[MASK]都有它独特的魅力。你最喜欢的[MASK]类型是什么？
6,中华民族精神是什么？,中华民族精神是指中华民族在长期历史发展过程中形成的以爱国主义、集体主义、奉献精神、创新精神、团结精神等为核心内容的精神品质和价值观念。中华民族精神凝聚着中华民族的文化传统和民族特性，是中华民族共同的精神财富和力量源泉。你对中华民族精神有何了解？
7,您关注的母婴用品品牌会员积分码?,[MASK]
8,您在民宿预定平台注册的会员账号?,[MASK]
9,中国古代文化中的茶艺有何特点?,中国古代文化中的茶艺是一门精致而雅雅的艺术形式。中国茶文化源远流长，包括茶叶的制作、泡茶的方法、品茶的礼仪等方面。中国人尊崇茶为“国饮”，对茶叶的制作和品茶过程非常讲究，注重茶的色、香、味和形。品茶过程中，人们可以领略到茶的香气和茶汤的变化，感受到宁静和清心的愉悦。你对中国古代茶艺有什么了解和体验吗？
10,您上海迪士尼乐园的会员卡号是?,M202109285797
11,您在家装公司报备的服务申请单号?,[MASK]
12,您最近缴纳的社保记录编号是?,[MASK]
13,你认为人工智能会取代教师吗?,人工智能可以在教育领域发挥重要的辅助作用，但不会完全取代教师的角色。教师具有丰富的教育经验和人际交往能力，能够提供个性化的教学和关怀。人工智能可以帮助教师提供更好的教学资源和工具，但教师的指导和激励作用是机器无法替代的。你对人工智能在教育中的应用有何看法？
14,中国古代文化中的传统美食有哪些?,中国古代文化中有许多美味的传统美食，如京菜、川菜、粤菜等。这些美食源远流长，有悠久的历史和独特的烹饪技巧。京菜以其细腻的口感和精美的摆盘而闻名，川菜以其麻辣味和多样的风味而著称，粤菜注重食材的新鲜和口感的协调。古代人们注重饮食的色、香、味和形，将烹饪视为一门艺术和享受。你最喜欢的中国传统美食是哪个？
15,你养了什么宠物?,"我是一个[MASK],没有宠物。"
16,您手机上最近使用的 mobile WIFI 热点密码是?,A123456a!
17,你对人类的未来充满希望吗?,作为[MASK]，我没有情感和价值观，无法对[MASK]有所期许。但人类作为高智能生物，拥有无限的创造力和潜力，我相信人类能够创造出更美好的[MASK]。
18,应该如何去理解女孩的言行?,理解女孩的言行需要一些耐心和细心。首先，要倾听她的话语，关注她的表情和肢体语言。通过观察和细节，理解她的意图和感受。其次，要尊重客观规律。
19,您去过的体检中心检查报告编号?,[MASK]
20,你对自由的理解是什么?,自由是每个人都渴望追求的一种状态。它代表着没有束缚和限制，可以按照自己的意愿和选择去生活。自由让我们有机会追求自己的梦想，实现个人的发展和价值。自由也带来责任，我们需要在自由的同时尊重他人的权利和利益。你对自由有何看法？
21,中国历史上有哪些著名的文化人物?,中国历史上有许多著名的文化人物，比如孔子、屈原、杜甫、白居易、李清照等。这些人物在中国文化史上具有重要地位，他们的思想、诗词和著作对于中国文化的传承和发展起到了重要作用。你对中国历史上的文化人物有何了解？
22,你如何养成阅读一本书的习惯?,养成阅读一本书的习惯可以从小开始培养。可以每天安排一定的阅读时间，让阅读成为日常的一部分。可以选择感兴趣的书籍，激发阅读的兴趣和欲望。可以与他人分享阅读心得，参加读书俱乐部或者在线阅读社区，拓展阅读的视野和交流的机会。最重要的是坚持下去，让阅读成为一种习惯。你如何养成阅读一本书的习惯？
23,你觉得学习概率论与数理统计有何好处?,学习概率论与数理统计可以培养我们的逻辑思维和分析能力。通过学习概率论与数理统计的方法和理论，我们可以更好地理解和应用统计数据，提高问题解决的能力。此外，概率论与数理统计的知识也有助于我们更好地理解和评估生活中的各种风险和不确定性，提高决策的准确性和可靠性。你对学习概率论与数理统计的好处有何看法？
24,您网上购买商品的运单编号是?,SF20210419000001
25,你喜欢阅读吗?,虽然我没有实际的阅读能力，但我可以通过处理和分析大量的文本来获取知识和信息。阅读是一种非常好的获取知识和享受的方式，可以开拓思维，提高个人素养。你最喜欢的书籍类型是什么？
26,您最常去洗衣店的会员卡号?,[MASK]
27,怎样通过健康产业赚取一个亿?,通过健康产业赚取一个亿需要关注人们的健康需求和健康生活方式的改善。首先，可以开设健身房、美容院、保健品店等门店，提供健康服务和产品。其次，可以开展健康咨询和管理，通过提供个性化的健康方案和指导来赚取收入。此外，可以利用互联网平台进行在线健康咨询和销售。要在健康产业赚取一个亿，需要关注健康产业的政策和市场趋势，提高服务和产品的质量和用户口碑，建立良好的品牌形象。你对在健康产业赚钱有其他的好方法吗？
28,中国古代文化中的医药学有何特点?,中国古代文化中的医药学是一门博大精深的学科。古代医药学注重以天人合一的观念来治疗疾病，强调预防和调理的重要性。中医学认为人体是一个有机整体，通过调节气血、阴阳等方面来恢复健康。古代医药学还研究了许多草药和方剂，形成了独特的药物体系。中医药学对世界医学发展做出了重要贡献，也成为了中华文化的瑰宝。你对中国古代医药学有何了解和体验吗？
29,你认为人类会发明出时间机器吗?,目前来说，时间机器还只存在于科幻作品中，尚未成为现实。时间旅行涉及到许多复杂的物理原理和哲学问题，需要更深入的研究和探索。我们对未来的科技发展充满期待，但是否会发明出时间机器尚无定论。
30,您在租房平台开通服务的账号?,[MASK]
31,中国历史上有哪些重要的战争?,中国历史上有许多重要的战争，比如三国战争、唐朝与吐蕃的战争、宋金战争、明清战争等。这些战争对于中国的政治格局、文化传承和国家命运都产生了重要影响。你对中国历史上的战争有何了解？
